"hexdump_c444c5c869dcbfcc2d1a1f46bb5794d0",1
"hexdump_9cda0a24e029afbf10cd2114b36eefdd",1
"hexdump_52d96c212e44208693cdaa3c0b0ffe01",1
"hexdump_17a06548e28a991eff2483942e0d33f6",1
"hexdump_b74c081ef436d0e0da6dd2565fd8013d",1
"hexdump_8ea223d68856ba857a485b506259ae00",1
"hexdump_7c7262d9e49a40a52d0040942810456c",1
"hexdump_d1695c690caf5bb065b21eb5d11d7e40",1
"hexdump_02240ad7f3fa7b628745d4ed9c3bdad7",1
"hexdump_41c2644723ee69c979c0b00e28084132",1
"hexdump_06a81f49184f106d1da54d4cca79a17a",1
"hexdump_3bfd3875ea0485124b42126c242311be",1
"hexdump_48afd0f7eae542d4653841528b793457",1
"hexdump_e7dce422e0fc509ef7f6c3e94a2e70b6",1
"hexdump_01bdc6fb077098f4a3b60f4b0e479a7f",1
"hexdump_50d4166d41b640d33b48e923d28b91e2",1
"hexdump_ba3585645822f5656dc3197acb88bdd7",1
"hexdump_d64a05c4e245d1cd7ef09207ecbdbd65",1
"hexdump_c73f9ed0499294f085453bfa549f3336",1
"hexdump_76e06912e05425e16428a9afffa85798",1
"hexdump_1f968d4bc76ee1e27ad22b2cb63d4eef",1
"hexdump_c8bd3658b4b25b386afa8cdb79a770df",1
"hexdump_d4f571c4a433648d89a7d549c079f801",1
"hexdump_e5a3443abf04d0bacd052261ba287a91",1
"hexdump_d7adbf3f1ecbb5170a3b17bb2cca3ad0",1
"hexdump_83c23855e2176eb28b99c25be875c8f3",1
"hexdump_62811e4c97e7db19709542f85ee57961",1
"hexdump_f9debbf34e146721e6033d4932f58145",1
"hexdump_f76f81c94f005d68106666a489ea2c32",1
"hexdump_5ce35d4759af8e4a2ba0f2a7295b67f4",1
"hexdump_573f419f8b995cbd509014bd4de4b3f3",1
"hexdump_cf7c6ed0f4d01a67c5f45dec74405c5d",1
"hexdump_6891870e495a8142c6ac4aae6138ee2b",1
"hexdump_2908715eec754aba1ad21414b23cafb6",1
"hexdump_9d026241a125fb0d82bd5c5324877ee0",1
"hexdump_d4eb523453ba7ca92444c7ba41a6f12c",1
"hexdump_b92d4ef8d5906f13538994b5dab98755",1
"hexdump_2331bd7e9b1a98a3c0238bb9bda54f0d",1
"hexdump_7419f2b55ca694bc7e06152e052705a5",1
"hexdump_057f3471a2d2e9eee14f0a0f712a2882",1
"hexdump_14131d9a5de9dd62ccc53a05d60b1a15",1
"hexdump_6c1a6e176063d7058094bd3ff7ef47c8",1
"hexdump_b868d6448076566e137a86cd8325a06e",1
"hexdump_e4ccf0eb8955dcde3fe19ef568af441d",1
"hexdump_b521caa8b583aac8e98a3ba2559bebf4",1
"hexdump_5610b270d454e1feccb041946b70d54f",1
"hexdump_5641d280a62b66943bf2d05a72a972c7",1
"hexdump_72f5bdb000ebba9026d3f782180b9b53",1
"hexdump_a97c1b4caeac5460d987dcdd6be61104",1
"hexdump_141b7311d4bfe8051cfecd3c634a7126",1
"hexdump_cd032f24bd5617c3723b9895b60756e3",1
"hexdump_ba615256aa972e58448c26b5acca69fe",1
"hexdump_158466053550056204e0f47cb51ee4d3",1
"hexdump_1b38e87ce929eaa5ef8a30f2f6104719",1
"hexdump_8ab8f8aa787dab4d035b92469575b9c4",1
"hexdump_a24b28c47a307fa9754d2f64c81d7133",1
"hexdump_0ab9a60a55cb40fc338e8f4988feee2f",1
"hexdump_d6280abe1c93f1537fea68b00d4e1c63",1
"hexdump_4e2b58f99ad9f13c2b09f0741739775d",1
"hexdump_d545010d3d01156c93b994ec0a6bee27",1
"hexdump_126ce66434881760672654fc7a9ee7db",1
"hexdump_209a288c68207d57e0ce6e60ebf60729",1
"hexdump_00600c5666a3c3c875097e23d6d9c948",1
"hexdump_e4e1325c4ded2cd8b4487f8a16c5095b",1
"hexdump_17ea6835f46a78b714ae6e4922261941",1
"hexdump_b4f07640924d55b64428bc30fbec19dc",1
"hexdump_84fb8955ed14d24e14534c24c76810db",1
"hexdump_6f8987e28fed878d08858a943e7c6e7c",1
"hexdump_221e311e3c9e36a89404948678f92b4a",1
"hexdump_7c8d1e85e35c7ec7f774d57b931faed4",1
"hexdump_059eaf53c21ec35ea885672d5bc3f5f1",1
"hexdump_041bcc09ec50e9c5c57edcd572f2d825",1
"hexdump_badf0051c86dd758cba16754e82486a8",1
"hexdump_68794e0ea4af11b3aac48145038d2d15",1
"hexdump_f04957c98c01ac7a3a72d991f765006a",1
"hexdump_44a157f7489ffe778cf8ccb90eef1743",1
"hexdump_a7fe649c790bb3dd2f7b1da6148b8114",1
"hexdump_108e4f0533a458bee7cb3c9cdee7a144",1
"hexdump_2b76ac16b1b421f3e4ef183263a8e382",1
